AnClassType, MC_GraphicRep
ActiveBackdropInstance:ECT/SCADAgen_ECT_TEMP_ActiveBackdrop, SCADAgen_ECT_TEMP_ActiveBackdrop
ActiveBackdropInstance:ECT/SCADAgen_ECT_TES__ActiveBackdrop, SCADAgen_ECT_TES__ActiveBackdrop
ActiveNumberInstance:ECT/SCADAgen_ECT_TEMP_ActiveNumber, SCADAgen_ECT_TEMP_ActiveNumber
ActiveNumberInstance:ECT/SCADAgen_ECT_TES__ActiveNumber, SCADAgen_ECT_TES__ActiveNumber
ActiveSymbolInstance:ECT/SCADAgen_ECT_TTVF_Down, SCADAgen_ECT_TTVF_Down
ActiveSymbolInstance:ECT/SCADAgen_ECT_TTVF_Left, SCADAgen_ECT_TTVF_Left
ActiveSymbolInstance:ECT/SCADAgen_ECT_TTVF_Right, SCADAgen_ECT_TTVF_Right
ActiveSymbolInstance:ECT/SCADAgen_ECT_TTVF_Up, SCADAgen_ECT_TTVF_Up
ActiveTextInstance:ECT/SCADAgen_ECT_TTVF_ActiveText, SCADAgen_ECT_TTVF_ActiveText
ActiveTextInstance:SIG/SCADAgen_SIG_TRAN_ActiveText, SCADAgen_SIG_TRAN_ActiveText
